Workbook

Sheet W
B1: Wafer Yield Map
B2: Lot | C2: 93449 | D2: Wafer # | E2: 07 | G2: Fab | H2: AFSW
B3: Test condition | D3: reverse BV at 1mA for surface diode Unit (V)
B4: Test Date | C4: =TODAY() | D4: Test Engineer
C6: 41.670723 | D6: 22.139771 | E6: 55.075523 | F6: 57.911884 | G6: 59.23312 | H6: -0.32125458 | Q6: Die 1 | R6: Die 2 | S6: Die 3 | T6: Die 4 | U6: Die 5 | V6: Die 6
C7: Die 1 | D7: Die 2 | E7: Die 3 | F7: Die 4 | G7: Die 5 | H7: Die 6
C8: 61.654259 | D8: 60.450287 | E8: 60.639065 | F8: 60.664089 | G8: 59.839996 | H8: 24.78203
B9: 61.865479 | C9: 58.984985 | D9: 59.736626 | E9: 57.755669 | F9: 59.475842 | G9: 56.505421 | H9: 48.43774 | I9: 45.566956 | P9: Die 7 | Q9: Die 8 | R9: Die 9 | S9: Die 10 | T9: Die 11 | U9: Die 12 | V9: Die 13 | W9: Die 14
B10: Die 7 | C10: Die 8 | D10: Die 9 | E10: Die 10 | F10: Die 11 | G10: Die 12 | H10: Die 13 | I10: Die 14
B11: 67.289635 | C11: 65.860611 | D11: 61.498333 | E11: 61.475887 | F11: 64.924675 | G11: 61.569454 | H11: 61.895237 | I11: 62.13781
A12: -4.079792 | B12: 59.355423 | C12: 59.7374 | D12: 61.416576 | E12: 60.231171 | F12: 59.668316 | G12: 59.389927 | H12: 59.495956 | I12: 60.598442 | J12: 60.506428 | O12: Die 15 | P12: Die 16 | Q12: Die 17 | R12: Die 18 | S12: Die 19 | T12: Die 20 | U12: Die 21 | V12: Die 22 | W12: Die 23 | X12: Die 24
A13: Die 15 | B13: Die 16 | C13: Die 17 | D13: Die 18 | E13: Die 19 | F13: Die 20 | G13: Die 21 | H13: Die 22 | I13: Die 23 | J13: Die 24
A14: 62.903076 | B14: 63.723938 | C14: 66.43734 | D14: 72.015823 | E14: 69.47213 | F14: 64.875748 | G14: 68.217369 | H14: 62.599426 | I14: 61.390488 | J14: 62.521683
A15: 61.332939 | B15: 65.733055 | C15: 64.023254 | D15: 60.28717 | E15: 58.966236 | F15: 60.281445 | G15: 61.28413 | H15: 59.890751 | I15: 59.990551 | J15: 61.656128 | O15: Die 25 | P15: Die 26 | Q15: Die 27 | R15: Die 28 | S15: Die 29 | T15: Die 30 | U15: Die 31 | V15: Die 32 | W15: Die 33 | X15: Die 34
A16: Die 25 | B16: Die 26 | C16: Die 27 | D16: Die 28 | E16: Die 29 | F16: Die 30 | G16: Die 31 | H16: Die 32 | I16: Die 33 | J16: Die 34
A17: 73.105904 | B17: 76.774582 | C17: 67.621643 | D17: 74.173561 | E17: 71.755714 | F17: 68.096199 | G17: 63.543205 | H17: 69.97036 | I17: 65.383484 | J17: 82.732162
A18: 59.110596 | B18: 62.694805 | C18: 62.916813 | D18: 64.541039 | E18: 61.500179 | F18: 62.293606 | G18: 61.428616 | H18: 59.626915 | I18: 60.024017 | J18: 59.629086 | O18: Die 35 | P18: Die 36 | Q18: Die 37 | R18: Die 38 | S18: Die 39 | T18: Die 40 | U18: Die 41 | V18: Die 42 | W18: Die 43 | X18: Die 44
A19: Die 35 | B19: Die 36 | C19: Die 37 | D19: Die 38 | E19: Die 39 | F19: Die 40 | G19: Die 41 | H19: Die 42 | I19: Die 43 | J19: Die 44
A20: 85.909569 | B20: 79.05558 | C20: 64.174767 | D20: 83.422432 | E20: 75.452919 | F20: 75.119965 | G20: 66.858238 | H20: 63.917336 | I20: 68.827606 | J20: 70.79052
A21: 60.548077 | B21: 63.706177 | C21: 65.850578 | D21: 59.862099 | E21: 60.817966 | F21: 60.334869 | G21: 59.978474 | H21: 64.852005 | I21: 61.291428 | J21: 60.608681 | O21: Die 45 | P21: Die 46 | Q21: Die 47 | R21: Die 48 | S21: Die 49 | T21: Die 50 | U21: Die 51 | V21: Die 52 | W21: Die 53 | X21: Die 54
A22: Die 45 | B22: Die 46 | C22: Die 47 | D22: Die 48 | E22: Die 49 | F22: Die 50 | G22: Die 51 | H22: Die 52 | I22: Die 53 | J22: Die 54
A23: 89.239258 | B23: 89.979294 | C23: 82.917274 | D23: 78.775131 | E23: 80.322845 | F23: 73.670189 | G23: 81.546837 | H23: 77.596291 | I23: 84.805237 | J23: 72.093727
A24: 43.797951 | B24: 57.855946 | C24: 66.835167 | D24: 60.941238 | E24: 61.286186 | F24: 61.70192 | G24: 60.700344 | H24: 60.870724 | I24: 61.784924 | J24: 63.379856 | O24: Die 55 | P24: Die 56 | Q24: Die 57 | R24: Die 58 | S24: Die 59 | T24: Die 60 | U24: Die 61 | V24: Die 62 | W24: Die 63 | X24: Die 64
A25: Die 55 | B25: Die 56 | C25: Die 57 | D25: Die 58 | E25: Die 59 | F25: Die 60 | G25: Die 61 | H25: Die 62 | I25: Die 63 | J25: Die 64
A26: 85.909569 | B26: 79.05558 | C26: 64.174767 | D26: 83.422432 | E26: 75.452919 | F26: 75.119965 | G26: 66.858238 | H26: 63.917336 | I26: 68.827606 | J26: 70.79052
A27: 63.305023 | B27: 67.224922 | C27: 60.537586 | D27: 66.259468 | E27: 66.316406 | F27: 65.676048 | G27: 63.072533 | H27: 63.379696 | I27: 61.928982 | J27: 62.09914 | O27: Die 65 | P27: Die 66 | Q27: Die 67 | R27: Die 68 | S27: Die 69 | T27: Die 70 | U27: Die 71 | V27: Die 72 | W27: Die 73 | X27: Die 74
A28: Die 65 | B28: Die 66 | C28: Die 67 | D28: Die 68 | E28: Die 69 | F28: Die 70 | G28: Die 71 | H28: Die 72 | I28: Die 73 | J28: Die 74
A29: 73.105904 | B29: 76.774582 | C29: 67.621643 | D29: 74.173561 | E29: 71.755714 | F29: 68.096199 | G29: 63.543205 | H29: 69.97036 | I29: 65.383484 | J29: 82.732162
B30: 43.834602 | C30: 37.122166 | D30: 60.243595 | E30: 61.620853 | F30: 62.23922 | G30: 66.676422 | H30: 66.186432 | I30: 67.38356 | P30: Die 75 | Q30: Die 76 | R30: Die 77 | S30: Die 78 | T30: Die 79 | U30: Die 80 | V30: Die 81 | W30: Die 82
B31: Die 75 | C31: Die 76 | D31: Die 77 | E31: Die 78 | F31: Die 79 | G31: Die 80 | H31: Die 81 | I31: Die 82
B32: 62.903076 | C32: 63.723938 | D32: 66.43734 | E32: 72.015823 | F32: 69.47213 | G32: 64.875748 | H32: 68.217369 | I32: 62.599426
C33: 34.371841 | D33: 61.625195 | E33: 65.812843 | F33: 29.460978 | G33: 41.09481 | H33: 11.870625 | Q33: Die 83 | R33: Die 84 | S33: Die 85 | T33: Die 86 | U33: Die 87 | V33: Die 88
C34: Die 83 | D34: Die 84 | E34: Die 85 | F34: Die 86 | G34: Die 87 | H34: Die 88
C35: 61.390488 | D35: 62.521683 | E35: 67.289635 | F35: 65.860611 | G35: 61.498333 | H35: 61.475887
D36: Flat
R37: Flat
A38: ="Yield (> " & $B$48 & "V):" | C38: Data Deviation
A39: Front | B39: =ROUNDUP(H140,2)&"%" | C39: =ROUNDUP(STDEVA(F52:F139),1) | F39: Front Side Testing
A40: Back | B40: =ROUNDUP(I140,2)&"%" | C40: =ROUNDUP(STDEVA(G52:G139),1) | F40: Back Side Testing | S40: ="Bidirectional device >"& $B$48 &"V both sides" | T40: =COUNTIF($N$52:$N$139,"BD")
A41: Total | B41: =ROUNDUP(J140,2)&"%" | S41: ="Single Directional Device >"& ROUNDDOWN($B$48/2,0) &"V one side" | T41: =COUNTIF($N$52:$N$139,"UD")
A43: Average E1E2 good devices | C43: =IFERROR(AVERAGEIF(J52:J139,"1",K52:K139),"") | D43: V@1A
A44: Average E2E1 good devices | C44: =IFERROR(AVERAGEIF(J52:J139,"1",L52:L139),"") | D44: V@1A
A48: Yield at | B48: 45 | C48: V | D48: Top Threshold | E48: 90 | F48: V
A51: Lot | B51: Wafer | C51: Die | D51: Front | E51: Back | F51: FrontBV | G51: BackBV | H51: Front Yield | I51: BackYield | J51: TotalYield | K51: E1E2 | L51: E2E1
A52: =C2 | B52: 1 | C52: 1 | D52: 6 | F52: {=INDIRECT(ADDRESS($D52,MATCH("Die "&$C52,INDIRECT("A"&$D52+1&":J"&$D52+1,TRUE),4),TRUE))} | G52: {=INDIRECT(ADDRESS(D52+2,MATCH("Die "&C52,INDIRECT("A"&D52+1&":J"&D52+1,TRUE),4),TRUE))} | H52: =IF(AND(ISNUMBER(F52),F52 >=$B$48,F52<$E$48),1,0) | I52: =IF(AND(ISNUMBER(G52),G52 >= $B$48,G52<$E$48),1,0) | J52: =IF(AND(H52 = 1, I52 = 1),1,0) | N52: =IF(OR(ISNUMBER(F52),ISNUMBER(G52)),IF(AND(ISNUMBER(F52),ISNUMBER(G52),F52>=$B$48,G52>=$B$48,F52<$E$48,G52<$E$48),"BD",IF(OR(F52>=$B$48/2,G52>=$B$48/2),"UD","")),"") | AA52: =IF(AND(N52="",COUNTIF($N$52:$N$139,"UD")=0),"",IF(N52="BD","A",IF(N52="UD","B","C")))
C53: 2 | D53: 6 | F53: {=INDIRECT(ADDRESS(D53,MATCH("Die "&C53,INDIRECT("A"&D53+1&":J"&D53+1,TRUE),4),TRUE))} | G53: {=INDIRECT(ADDRESS(D53+2,MATCH("Die "&C53,INDIRECT("A"&D53+1&":J"&D53+1,TRUE),4),TRUE))} | H53: =IF(AND(ISNUMBER(F53),F53 >=$B$48,F53<$E$48),1,0) | I53: =IF(AND(ISNUMBER(G53),G53 >= $B$48,G53<$E$48),1,0) | J53: =IF(AND(H53 = 1, I53 = 1),1,0) | N53: =IF(OR(ISNUMBER(F53),ISNUMBER(G53)),IF(AND(ISNUMBER(F53),ISNUMBER(G53),F53>=$B$48,G53>=$B$48,F53<$E$48,G53<$E$48),"BD",IF(OR(F53>=$B$48/2,G53>=$B$48/2),"UD","")),"") | AA53: =IF(AND(N53="",COUNTIF($N$52:$N$139,"UD")=0),"",IF(N53="BD","A",IF(N53="UD","B","C")))
C54: 3 | D54: 6 | F54: {=INDIRECT(ADDRESS(D54,MATCH("Die "&C54,INDIRECT("A"&D54+1&":J"&D54+1,TRUE),4),TRUE))} | G54: {=INDIRECT(ADDRESS(D54+2,MATCH("Die "&C54,INDIRECT("A"&D54+1&":J"&D54+1,TRUE),4),TRUE))} | H54: =IF(AND(ISNUMBER(F54),F54 >=$B$48,F54<$E$48),1,0) | I54: =IF(AND(ISNUMBER(G54),G54 >= $B$48,G54<$E$48),1,0) | J54: =IF(AND(H54 = 1, I54 = 1),1,0) | N54: =IF(OR(ISNUMBER(F54),ISNUMBER(G54)),IF(AND(ISNUMBER(F54),ISNUMBER(G54),F54>=$B$48,G54>=$B$48,F54<$E$48,G54<$E$48),"BD",IF(OR(F54>=$B$48/2,G54>=$B$48/2),"UD","")),"") | AA54: =IF(AND(N54="",COUNTIF($N$52:$N$139,"UD")=0),"",IF(N54="BD","A",IF(N54="UD","B","C")))
A55: Search: | B55: 30 | C55: 4 | D55: 6 | F55: {=INDIRECT(ADDRESS(D55,MATCH("Die "&C55,INDIRECT("A"&D55+1&":J"&D55+1,TRUE),4),TRUE))} | G55: {=INDIRECT(ADDRESS(D55+2,MATCH("Die "&C55,INDIRECT("A"&D55+1&":J"&D55+1,TRUE),4),TRUE))} | H55: =IF(AND(ISNUMBER(F55),F55 >=$B$48,F55<$E$48),1,0) | I55: =IF(AND(ISNUMBER(G55),G55 >= $B$48,G55<$E$48),1,0) | J55: =IF(AND(H55 = 1, I55 = 1),1,0) | N55: =IF(OR(ISNUMBER(F55),ISNUMBER(G55)),IF(AND(ISNUMBER(F55),ISNUMBER(G55),F55>=$B$48,G55>=$B$48,F55<$E$48,G55<$E$48),"BD",IF(OR(F55>=$B$48/2,G55>=$B$48/2),"UD","")),"") | AA55: =IF(AND(N55="",COUNTIF($N$52:$N$139,"UD")=0),"",IF(N55="BD","A",IF(N55="UD","B","C")))
C56: 5 | D56: 6 | F56: {=INDIRECT(ADDRESS(D56,MATCH("Die "&C56,INDIRECT("A"&D56+1&":J"&D56+1,TRUE),4),TRUE))} | G56: {=INDIRECT(ADDRESS(D56+2,MATCH("Die "&C56,INDIRECT("A"&D56+1&":J"&D56+1,TRUE),4),TRUE))} | H56: =IF(AND(ISNUMBER(F56),F56 >=$B$48,F56<$E$48),1,0) | I56: =IF(AND(ISNUMBER(G56),G56 >= $B$48,G56<$E$48),1,0) | J56: =IF(AND(H56 = 1, I56 = 1),1,0) | N56: =IF(OR(ISNUMBER(F56),ISNUMBER(G56)),IF(AND(ISNUMBER(F56),ISNUMBER(G56),F56>=$B$48,G56>=$B$48,F56<$E$48,G56<$E$48),"BD",IF(OR(F56>=$B$48/2,G56>=$B$48/2),"UD","")),"") | AA56: =IF(AND(N56="",COUNTIF($N$52:$N$139,"UD")=0),"",IF(N56="BD","A",IF(N56="UD","B","C")))
C57: 6 | D57: 6 | F57: {=INDIRECT(ADDRESS(D57,MATCH("Die "&C57,INDIRECT("A"&D57+1&":J"&D57+1,TRUE),4),TRUE))} | G57: {=INDIRECT(ADDRESS(D57+2,MATCH("Die "&C57,INDIRECT("A"&D57+1&":J"&D57+1,TRUE),4),TRUE))} | H57: =IF(AND(ISNUMBER(F57),F57 >=$B$48,F57<$E$48),1,0) | I57: =IF(AND(ISNUMBER(G57),G57 >= $B$48,G57<$E$48),1,0) | J57: =IF(AND(H57 = 1, I57 = 1),1,0) | N57: =IF(OR(ISNUMBER(F57),ISNUMBER(G57)),IF(AND(ISNUMBER(F57),ISNUMBER(G57),F57>=$B$48,G57>=$B$48,F57<$E$48,G57<$E$48),"BD",IF(OR(F57>=$B$48/2,G57>=$B$48/2),"UD","")),"") | AA57: =IF(AND(N57="",COUNTIF($N$52:$N$139,"UD")=0),"",IF(N57="BD","A",IF(N57="UD","B","C")))
A58: Min F | B58: =MIN($F$52:$F$139) | C58: 7 | D58: 9 | F58: =B9 | G58: =B11 | H58: =IF(AND(ISNUMBER(F58),F58 >=$B$48,F58<$E$48),1,0) | I58: =IF(AND(ISNUMBER(G58),G58 >= $B$48,G58<$E$48),1,0) | J58: =IF(AND(H58 = 1, I58 = 1),1,0) | N58: =IF(OR(ISNUMBER(F58),ISNUMBER(G58)),IF(AND(ISNUMBER(F58),ISNUMBER(G58),F58>=$B$48,G58>=$B$48,F58<$E$48,G58<$E$48),"BD",IF(OR(F58>=$B$48/2,G58>=$B$48/2),"UD","")),"") | AA58: =IF(AND(N58="",COUNTIF($N$52:$N$139,"UD")=0),"",IF(N58="BD","A",IF(N58="UD","B","C")))
A59: Max F | B59: =MAX($F$52:$F$139) | C59: 8 | D59: =IF(D58=D57,D58,D57+3) | F59: =C9 | G59: =C11 | H59: =IF(AND(ISNUMBER(F59),F59 >=$B$48,F59<$E$48),1,0) | I59: =IF(AND(ISNUMBER(G59),G59 >= $B$48,G59<$E$48),1,0) | J59: =IF(AND(H59 = 1, I59 = 1),1,0) | N59: =IF(OR(ISNUMBER(F59),ISNUMBER(G59)),IF(AND(ISNUMBER(F59),ISNUMBER(G59),F59>=$B$48,G59>=$B$48,F59<$E$48,G59<$E$48),"BD",IF(OR(F59>=$B$48/2,G59>=$B$48/2),"UD","")),"") | AA59: =IF(AND(N59="",COUNTIF($N$52:$N$139,"UD")=0),"",IF(N59="BD","A",IF(N59="UD","B","C")))
A60: Min B | B60: =MIN($G$52:$G$139) | C60: 9 | D60: =IF(D59=D58,D59,D58+3) | F60: =D9 | G60: =D11 | H60: =IF(AND(ISNUMBER(F60),F60 >=$B$48,F60<$E$48),1,0) | I60: =IF(AND(ISNUMBER(G60),G60 >= $B$48,G60<$E$48),1,0) | J60: =IF(AND(H60 = 1, I60 = 1),1,0) | N60: =IF(OR(ISNUMBER(F60),ISNUMBER(G60)),IF(AND(ISNUMBER(F60),ISNUMBER(G60),F60>=$B$48,G60>=$B$48,F60<$E$48,G60<$E$48),"BD",IF(OR(F60>=$B$48/2,G60>=$B$48/2),"UD","")),"") | AA60: =IF(AND(N60="",COUNTIF($N$52:$N$139,"UD")=0),"",IF(N60="BD","A",IF(N60="UD","B","C")))
A61: Max B | B61: =MAX($G$52:$G$139) | C61: 10 | D61: =IF(D60=D59,D60,D59+3) | F61: =E9 | G61: =E11 | H61: =IF(AND(ISNUMBER(F61),F61 >=$B$48,F61<$E$48),1,0) | I61: =IF(AND(ISNUMBER(G61),G61 >= $B$48,G61<$E$48),1,0) | J61: =IF(AND(H61 = 1, I61 = 1),1,0) | N61: =IF(OR(ISNUMBER(F61),ISNUMBER(G61)),IF(AND(ISNUMBER(F61),ISNUMBER(G61),F61>=$B$48,G61>=$B$48,F61<$E$48,G61<$E$48),"BD",IF(OR(F61>=$B$48/2,G61>=$B$48/2),"UD","")),"") | AA61: =IF(AND(N61="",COUNTIF($N$52:$N$139,"UD")=0),"",IF(N61="BD","A",IF(N61="UD","B","C")))
C62: 11 | D62: =IF(D61=D60,D61,D60+3) | F62: =F9 | G62: =F11 | H62: =IF(AND(ISNUMBER(F62),F62 >=$B$48,F62<$E$48),1,0) | I62: =IF(AND(ISNUMBER(G62),G62 >= $B$48,G62<$E$48),1,0) | J62: =IF(AND(H62 = 1, I62 = 1),1,0) | N62: =IF(OR(ISNUMBER(F62),ISNUMBER(G62)),IF(AND(ISNUMBER(F62),ISNUMBER(G62),F62>=$B$48,G62>=$B$48,F62<$E$48,G62<$E$48),"BD",IF(OR(F62>=$B$48/2,G62>=$B$48/2),"UD","")),"") | AA62: =IF(AND(N62="",COUNTIF($N$52:$N$139,"UD")=0),"",IF(N62="BD","A",IF(N62="UD","B","C")))
C63: 12 | D63: =IF(D62=D61,D62,D61+3) | F63: =G9 | G63: =G11 | H63: =IF(AND(ISNUMBER(F63),F63 >=$B$48,F63<$E$48),1,0) | I63: =IF(AND(ISNUMBER(G63),G63 >= $B$48,G63<$E$48),1,0) | J63: =IF(AND(H63 = 1, I63 = 1),1,0) | N63: =IF(OR(ISNUMBER(F63),ISNUMBER(G63)),IF(AND(ISNUMBER(F63),ISNUMBER(G63),F63>=$B$48,G63>=$B$48,F63<$E$48,G63<$E$48),"BD",IF(OR(F63>=$B$48/2,G63>=$B$48/2),"UD","")),"") | AA63: =IF(AND(N63="",COUNTIF($N$52:$N$139,"UD")=0),"",IF(N63="BD","A",IF(N63="UD","B","C")))
C64: 13 | D64: =IF(D63=D62,D63,D62+3) | F64: =H9 | G64: =H11 | H64: =IF(AND(ISNUMBER(F64),F64 >=$B$48,F64<$E$48),1,0) | I64: =IF(AND(ISNUMBER(G64),G64 >= $B$48,G64<$E$48),1,0) | J64: =IF(AND(H64 = 1, I64 = 1),1,0) | N64: =IF(OR(ISNUMBER(F64),ISNUMBER(G64)),IF(AND(ISNUMBER(F64),ISNUMBER(G64),F64>=$B$48,G64>=$B$48,F64<$E$48,G64<$E$48),"BD",IF(OR(F64>=$B$48/2,G64>=$B$48/2),"UD","")),"") | AA64: =IF(AND(N64="",COUNTIF($N$52:$N$139,"UD")=0),"",IF(N64="BD","A",IF(N64="UD","B","C")))
C65: 14 | D65: =IF(D64=D63,D64,D63+3) | F65: =I9 | G65: =I11 | H65: =IF(AND(ISNUMBER(F65),F65 >=$B$48,F65<$E$48),1,0) | I65: =IF(AND(ISNUMBER(G65),G65 >= $B$48,G65<$E$48),1,0) | J65: =IF(AND(H65 = 1, I65 = 1),1,0) | N65: =IF(OR(ISNUMBER(F65),ISNUMBER(G65)),IF(AND(ISNUMBER(F65),ISNUMBER(G65),F65>=$B$48,G65>=$B$48,F65<$E$48,G65<$E$48),"BD",IF(OR(F65>=$B$48/2,G65>=$B$48/2),"UD","")),"") | AA65: =IF(AND(N65="",COUNTIF($N$52:$N$139,"UD")=0),"",IF(N65="BD","A",IF(N65="UD","B","C")))
C66: 15 | D66: 12 | F66: {=INDIRECT(ADDRESS(D66,MATCH("Die "&C66,INDIRECT("A"&D66+1&":J"&D66+1,TRUE),4),TRUE))} | G66: {=INDIRECT(ADDRESS(D66+2,MATCH("Die "&C66,INDIRECT("A"&D66+1&":J"&D66+1,TRUE),4),TRUE))} | H66: =IF(AND(ISNUMBER(F66),F66 >=$B$48,F66<$E$48),1,0) | I66: =IF(AND(ISNUMBER(G66),G66 >= $B$48,G66<$E$48),1,0) | J66: =IF(AND(H66 = 1, I66 = 1),1,0) | N66: =IF(OR(ISNUMBER(F66),ISNUMBER(G66)),IF(AND(ISNUMBER(F66),ISNUMBER(G66),F66>=$B$48,G66>=$B$48,F66<$E$48,G66<$E$48),"BD",IF(OR(F66>=$B$48/2,G66>=$B$48/2),"UD","")),"") | AA66: =IF(AND(N66="",COUNTIF($N$52:$N$139,"UD")=0),"",IF(N66="BD","A",IF(N66="UD","B","C")))
C67: 16 | D67: =IF(D66=D65,D66,D65+3) | F67: {=INDIRECT(ADDRESS(D67,MATCH("Die "&C67,INDIRECT("A"&D67+1&":J"&D67+1,TRUE),4),TRUE))} | G67: {=INDIRECT(ADDRESS(D67+2,MATCH("Die "&C67,INDIRECT("A"&D67+1&":J"&D67+1,TRUE),4),TRUE))} | H67: =IF(AND(ISNUMBER(F67),F67 >=$B$48,F67<$E$48),1,0) | I67: =IF(AND(ISNUMBER(G67),G67 >= $B$48,G67<$E$48),1,0) | J67: =IF(AND(H67 = 1, I67 = 1),1,0) | N67: =IF(OR(ISNUMBER(F67),ISNUMBER(G67)),IF(AND(ISNUMBER(F67),ISNUMBER(G67),F67>=$B$48,G67>=$B$48,F67<$E$48,G67<$E$48),"BD",IF(OR(F67>=$B$48/2,G67>=$B$48/2),"UD","")),"") | AA67: =IF(AND(N67="",COUNTIF($N$52:$N$139,"UD")=0),"",IF(N67="BD","A",IF(N67="UD","B","C")))
C68: 17 | D68: =IF(D67=D66,D67,D66+3) | F68: {=INDIRECT(ADDRESS(D68,MATCH("Die "&C68,INDIRECT("A"&D68+1&":J"&D68+1,TRUE),4),TRUE))} | G68: {=INDIRECT(ADDRESS(D68+2,MATCH("Die "&C68,INDIRECT("A"&D68+1&":J"&D68+1,TRUE),4),TRUE))} | H68: =IF(AND(ISNUMBER(F68),F68 >=$B$48,F68<$E$48),1,0) | I68: =IF(AND(ISNUMBER(G68),G68 >= $B$48,G68<$E$48),1,0) | J68: =IF(AND(H68 = 1, I68 = 1),1,0) | N68: =IF(OR(ISNUMBER(F68),ISNUMBER(G68)),IF(AND(ISNUMBER(F68),ISNUMBER(G68),F68>=$B$48,G68>=$B$48,F68<$E$48,G68<$E$48),"BD",IF(OR(F68>=$B$48/2,G68>=$B$48/2),"UD","")),"") | AA68: =IF(AND(N68="",COUNTIF($N$52:$N$139,"UD")=0),"",IF(N68="BD","A",IF(N68="UD","B","C")))
C69: 18 | D69: =IF(D68=D67,D68,D67+3) | F69: {=INDIRECT(ADDRESS(D69,MATCH("Die "&C69,INDIRECT("A"&D69+1&":J"&D69+1,TRUE),4),TRUE))} | G69: {=INDIRECT(ADDRESS(D69+2,MATCH("Die "&C69,INDIRECT("A"&D69+1&":J"&D69+1,TRUE),4),TRUE))} | H69: =IF(AND(ISNUMBER(F69),F69 >=$B$48,F69<$E$48),1,0) | I69: =IF(AND(ISNUMBER(G69),G69 >= $B$48,G69<$E$48),1,0) | J69: =IF(AND(H69 = 1, I69 = 1),1,0) | N69: =IF(OR(ISNUMBER(F69),ISNUMBER(G69)),IF(AND(ISNUMBER(F69),ISNUMBER(G69),F69>=$B$48,G69>=$B$48,F69<$E$48,G69<$E$48),"BD",IF(OR(F69>=$B$48/2,G69>=$B$48/2),"UD","")),"") | AA69: =IF(AND(N69="",COUNTIF($N$52:$N$139,"UD")=0),"",IF(N69="BD","A",IF(N69="UD","B","C")))
C70: 19 | D70: =IF(D69=D68,D69,D68+3) | F70: {=INDIRECT(ADDRESS(D70,MATCH("Die "&C70,INDIRECT("A"&D70+1&":J"&D70+1,TRUE),4),TRUE))} | G70: {=INDIRECT(ADDRESS(D70+2,MATCH("Die "&C70,INDIRECT("A"&D70+1&":J"&D70+1,TRUE),4),TRUE))} | H70: =IF(AND(ISNUMBER(F70),F70 >=$B$48,F70<$E$48),1,0) | I70: =IF(AND(ISNUMBER(G70),G70 >= $B$48,G70<$E$48),1,0) | J70: =IF(AND(H70 = 1, I70 = 1),1,0) | N70: =IF(OR(ISNUMBER(F70),ISNUMBER(G70)),IF(AND(ISNUMBER(F70),ISNUMBER(G70),F70>=$B$48,G70>=$B$48,F70<$E$48,G70<$E$48),"BD",IF(OR(F70>=$B$48/2,G70>=$B$48/2),"UD","")),"") | AA70: =IF(AND(N70="",COUNTIF($N$52:$N$139,"UD")=0),"",IF(N70="BD","A",IF(N70="UD","B","C")))
C71: 20 | D71: =IF(D70=D69,D70,D69+3) | F71: {=INDIRECT(ADDRESS(D71,MATCH("Die "&C71,INDIRECT("A"&D71+1&":J"&D71+1,TRUE),4),TRUE))} | G71: {=INDIRECT(ADDRESS(D71+2,MATCH("Die "&C71,INDIRECT("A"&D71+1&":J"&D71+1,TRUE),4),TRUE))} | H71: =IF(AND(ISNUMBER(F71),F71 >=$B$48,F71<$E$48),1,0) | I71: =IF(AND(ISNUMBER(G71),G71 >= $B$48,G71<$E$48),1,0) | J71: =IF(AND(H71 = 1, I71 = 1),1,0) | N71: =IF(OR(ISNUMBER(F71),ISNUMBER(G71)),IF(AND(ISNUMBER(F71),ISNUMBER(G71),F71>=$B$48,G71>=$B$48,F71<$E$48,G71<$E$48),"BD",IF(OR(F71>=$B$48/2,G71>=$B$48/2),"UD","")),"") | AA71: =IF(AND(N71="",COUNTIF($N$52:$N$139,"UD")=0),"",IF(N71="BD","A",IF(N71="UD","B","C")))
C72: 21 | D72: =IF(D71=D70,D71,D70+3) | F72: {=INDIRECT(ADDRESS(D72,MATCH("Die "&C72,INDIRECT("A"&D72+1&":J"&D72+1,TRUE),4),TRUE))} | G72: {=INDIRECT(ADDRESS(D72+2,MATCH("Die "&C72,INDIRECT("A"&D72+1&":J"&D72+1,TRUE),4),TRUE))} | H72: =IF(AND(ISNUMBER(F72),F72 >=$B$48,F72<$E$48),1,0) | I72: =IF(AND(ISNUMBER(G72),G72 >= $B$48,G72<$E$48),1,0) | J72: =IF(AND(H72 = 1, I72 = 1),1,0) | N72: =IF(OR(ISNUMBER(F72),ISNUMBER(G72)),IF(AND(ISNUMBER(F72),ISNUMBER(G72),F72>=$B$48,G72>=$B$48,F72<$E$48,G72<$E$48),"BD",IF(OR(F72>=$B$48/2,G72>=$B$48/2),"UD","")),"") | AA72: =IF(AND(N72="",COUNTIF($N$52:$N$139,"UD")=0),"",IF(N72="BD","A",IF(N72="UD","B","C")))
C73: 22 | D73: =IF(D72=D71,D72,D71+3) | F73: {=INDIRECT(ADDRESS(D73,MATCH("Die "&C73,INDIRECT("A"&D73+1&":J"&D73+1,TRUE),4),TRUE))} | G73: {=INDIRECT(ADDRESS(D73+2,MATCH("Die "&C73,INDIRECT("A"&D73+1&":J"&D73+1,TRUE),4),TRUE))} | H73: =IF(AND(ISNUMBER(F73),F73 >=$B$48,F73<$E$48),1,0) | I73: =IF(AND(ISNUMBER(G73),G73 >= $B$48,G73<$E$48),1,0) | J73: =IF(AND(H73 = 1, I73 = 1),1,0) | N73: =IF(OR(ISNUMBER(F73),ISNUMBER(G73)),IF(AND(ISNUMBER(F73),ISNUMBER(G73),F73>=$B$48,G73>=$B$48,F73<$E$48,G73<$E$48),"BD",IF(OR(F73>=$B$48/2,G73>=$B$48/2),"UD","")),"") | AA73: =IF(AND(N73="",COUNTIF($N$52:$N$139,"UD")=0),"",IF(N73="BD","A",IF(N73="UD","B","C")))
C74: 23 | D74: =IF(D73=D72,D73,D72+3) | F74: {=INDIRECT(ADDRESS(D74,MATCH("Die "&C74,INDIRECT("A"&D74+1&":J"&D74+1,TRUE),4),TRUE))} | G74: {=INDIRECT(ADDRESS(D74+2,MATCH("Die "&C74,INDIRECT("A"&D74+1&":J"&D74+1,TRUE),4),TRUE))} | H74: =IF(AND(ISNUMBER(F74),F74 >=$B$48,F74<$E$48),1,0) | I74: =IF(AND(ISNUMBER(G74),G74 >= $B$48,G74<$E$48),1,0) | J74: =IF(AND(H74 = 1, I74 = 1),1,0) | N74: =IF(OR(ISNUMBER(F74),ISNUMBER(G74)),IF(AND(ISNUMBER(F74),ISNUMBER(G74),F74>=$B$48,G74>=$B$48,F74<$E$48,G74<$E$48),"BD",IF(OR(F74>=$B$48/2,G74>=$B$48/2),"UD","")),"") | AA74: =IF(AND(N74="",COUNTIF($N$52:$N$139,"UD")=0),"",IF(N74="BD","A",IF(N74="UD","B","C")))
C75: 24 | D75: =IF(D74=D73,D74,D73+3) | F75: {=INDIRECT(ADDRESS(D75,MATCH("Die "&C75,INDIRECT("A"&D75+1&":J"&D75+1,TRUE),4),TRUE))} | G75: {=INDIRECT(ADDRESS(D75+2,MATCH("Die "&C75,INDIRECT("A"&D75+1&":J"&D75+1,TRUE),4),TRUE))} | H75: =IF(AND(ISNUMBER(F75),F75 >=$B$48,F75<$E$48),1,0) | I75: =IF(AND(ISNUMBER(G75),G75 >= $B$48,G75<$E$48),1,0) | J75: =IF(AND(H75 = 1, I75 = 1),1,0) | N75: =IF(OR(ISNUMBER(F75),ISNUMBER(G75)),IF(AND(ISNUMBER(F75),ISNUMBER(G75),F75>=$B$48,G75>=$B$48,F75<$E$48,G75<$E$48),"BD",IF(OR(F75>=$B$48/2,G75>=$B$48/2),"UD","")),"") | AA75: =IF(AND(N75="",COUNTIF($N$52:$N$139,"UD")=0),"",IF(N75="BD","A",IF(N75="UD","B","C")))
C76: 25 | D76: 15 | F76: {=INDIRECT(ADDRESS(D76,MATCH("Die "&C76,INDIRECT("A"&D76+1&":J"&D76+1,TRUE),4),TRUE))} | G76: {=INDIRECT(ADDRESS(D76+2,MATCH("Die "&C76,INDIRECT("A"&D76+1&":J"&D76+1,TRUE),4),TRUE))} | H76: =IF(AND(ISNUMBER(F76),F76 >=$B$48,F76<$E$48),1,0) | I76: =IF(AND(ISNUMBER(G76),G76 >= $B$48,G76<$E$48),1,0) | J76: =IF(AND(H76 = 1, I76 = 1),1,0) | N76: =IF(OR(ISNUMBER(F76),ISNUMBER(G76)),IF(AND(ISNUMBER(F76),ISNUMBER(G76),F76>=$B$48,G76>=$B$48,F76<$E$48,G76<$E$48),"BD",IF(OR(F76>=$B$48/2,G76>=$B$48/2),"UD","")),"") | AA76: =IF(AND(N76="",COUNTIF($N$52:$N$139,"UD")=0),"",IF(N76="BD","A",IF(N76="UD","B","C")))
C77: 26 | D77: =IF(D76=D75,D76,D75+3) | F77: {=INDIRECT(ADDRESS(D77,MATCH("Die "&C77,INDIRECT("A"&D77+1&":J"&D77+1,TRUE),4),TRUE))} | G77: {=INDIRECT(ADDRESS(D77+2,MATCH("Die "&C77,INDIRECT("A"&D77+1&":J"&D77+1,TRUE),4),TRUE))} | H77: =IF(AND(ISNUMBER(F77),F77 >=$B$48,F77<$E$48),1,0) | I77: =IF(AND(ISNUMBER(G77),G77 >= $B$48,G77<$E$48),1,0) | J77: =IF(AND(H77 = 1, I77 = 1),1,0) | N77: =IF(OR(ISNUMBER(F77),ISNUMBER(G77)),IF(AND(ISNUMBER(F77),ISNUMBER(G77),F77>=$B$48,G77>=$B$48,F77<$E$48,G77<$E$48),"BD",IF(OR(F77>=$B$48/2,G77>=$B$48/2),"UD","")),"") | AA77: =IF(AND(N77="",COUNTIF($N$52:$N$139,"UD")=0),"",IF(N77="BD","A",IF(N77="UD","B","C")))
C78: 27 | D78: =IF(D77=D76,D77,D76+3) | F78: {=INDIRECT(ADDRESS(D78,MATCH("Die "&C78,INDIRECT("A"&D78+1&":J"&D78+1,TRUE),4),TRUE))} | G78: {=INDIRECT(ADDRESS(D78+2,MATCH("Die "&C78,INDIRECT("A"&D78+1&":J"&D78+1,TRUE),4),TRUE))} | H78: =IF(AND(ISNUMBER(F78),F78 >=$B$48,F78<$E$48),1,0) | I78: =IF(AND(ISNUMBER(G78),G78 >= $B$48,G78<$E$48),1,0) | J78: =IF(AND(H78 = 1, I78 = 1),1,0) | N78: =IF(OR(ISNUMBER(F78),ISNUMBER(G78)),IF(AND(ISNUMBER(F78),ISNUMBER(G78),F78>=$B$48,G78>=$B$48,F78<$E$48,G78<$E$48),"BD",IF(OR(F78>=$B$48/2,G78>=$B$48/2),"UD","")),"") | AA78: =IF(AND(N78="",COUNTIF($N$52:$N$139,"UD")=0),"",IF(N78="BD","A",IF(N78="UD","B","C")))
C79: 28 | D79: =IF(D78=D77,D78,D77+3) | F79: {=INDIRECT(ADDRESS(D79,MATCH("Die "&C79,INDIRECT("A"&D79+1&":J"&D79+1,TRUE),4),TRUE))} | G79: {=INDIRECT(ADDRESS(D79+2,MATCH("Die "&C79,INDIRECT("A"&D79+1&":J"&D79+1,TRUE),4),TRUE))} | H79: =IF(AND(ISNUMBER(F79),F79 >=$B$48,F79<$E$48),1,0) | I79: =IF(AND(ISNUMBER(G79),G79 >= $B$48,G79<$E$48),1,0) | J79: =IF(AND(H79 = 1, I79 = 1),1,0) | N79: =IF(OR(ISNUMBER(F79),ISNUMBER(G79)),IF(AND(ISNUMBER(F79),ISNUMBER(G79),F79>=$B$48,G79>=$B$48,F79<$E$48,G79<$E$48),"BD",IF(OR(F79>=$B$48/2,G79>=$B$48/2),"UD","")),"") | AA79: =IF(AND(N79="",COUNTIF($N$52:$N$139,"UD")=0),"",IF(N79="BD","A",IF(N79="UD","B","C")))
C80: 29 | D80: =IF(D79=D78,D79,D78+3) | F80: {=INDIRECT(ADDRESS(D80,MATCH("Die "&C80,INDIRECT("A"&D80+1&":J"&D80+1,TRUE),4),TRUE))} | G80: {=INDIRECT(ADDRESS(D80+2,MATCH("Die "&C80,INDIRECT("A"&D80+1&":J"&D80+1,TRUE),4),TRUE))} | H80: =IF(AND(ISNUMBER(F80),F80 >=$B$48,F80<$E$48),1,0) | I80: =IF(AND(ISNUMBER(G80),G80 >= $B$48,G80<$E$48),1,0) | J80: =IF(AND(H80 = 1, I80 = 1),1,0) | N80: =IF(OR(ISNUMBER(F80),ISNUMBER(G80)),IF(AND(ISNUMBER(F80),ISNUMBER(G80),F80>=$B$48,G80>=$B$48,F80<$E$48,G80<$E$48),"BD",IF(OR(F80>=$B$48/2,G80>=$B$48/2),"UD","")),"") | AA80: =IF(AND(N80="",COUNTIF($N$52:$N$139,"UD")=0),"",IF(N80="BD","A",IF(N80="UD","B","C")))
C81: 30 | D81: =IF(D80=D79,D80,D79+3) | F81: {=INDIRECT(ADDRESS(D81,MATCH("Die "&C81,INDIRECT("A"&D81+1&":J"&D81+1,TRUE),4),TRUE))} | G81: {=INDIRECT(ADDRESS(D81+2,MATCH("Die "&C81,INDIRECT("A"&D81+1&":J"&D81+1,TRUE),4),TRUE))} | H81: =IF(AND(ISNUMBER(F81),F81 >=$B$48,F81<$E$48),1,0) | I81: =IF(AND(ISNUMBER(G81),G81 >= $B$48,G81<$E$48),1,0) | J81: =IF(AND(H81 = 1, I81 = 1),1,0) | N81: =IF(OR(ISNUMBER(F81),ISNUMBER(G81)),IF(AND(ISNUMBER(F81),ISNUMBER(G81),F81>=$B$48,G81>=$B$48,F81<$E$48,G81<$E$48),"BD",IF(OR(F81>=$B$48/2,G81>=$B$48/2),"UD","")),"") | AA81: =IF(AND(N81="",COUNTIF($N$52:$N$139,"UD")=0),"",IF(N81="BD","A",IF(N81="UD","B","C")))
C82: 31 | D82: =IF(D81=D80,D81,D80+3) | F82: {=INDIRECT(ADDRESS(D82,MATCH("Die "&C82,INDIRECT("A"&D82+1&":J"&D82+1,TRUE),4),TRUE))} | G82: {=INDIRECT(ADDRESS(D82+2,MATCH("Die "&C82,INDIRECT("A"&D82+1&":J"&D82+1,TRUE),4),TRUE))} | H82: =IF(AND(ISNUMBER(F82),F82 >=$B$48,F82<$E$48),1,0) | I82: =IF(AND(ISNUMBER(G82),G82 >= $B$48,G82<$E$48),1,0) | J82: =IF(AND(H82 = 1, I82 = 1),1,0) | N82: =IF(OR(ISNUMBER(F82),ISNUMBER(G82)),IF(AND(ISNUMBER(F82),ISNUMBER(G82),F82>=$B$48,G82>=$B$48,F82<$E$48,G82<$E$48),"BD",IF(OR(F82>=$B$48/2,G82>=$B$48/2),"UD","")),"") | AA82: =IF(AND(N82="",COUNTIF($N$52:$N$139,"UD")=0),"",IF(N82="BD","A",IF(N82="UD","B","C")))
C83: 32 | D83: =IF(D82=D81,D82,D81+3) | F83: {=INDIRECT(ADDRESS(D83,MATCH("Die "&C83,INDIRECT("A"&D83+1&":J"&D83+1,TRUE),4),TRUE))} | G83: {=INDIRECT(ADDRESS(D83+2,MATCH("Die "&C83,INDIRECT("A"&D83+1&":J"&D83+1,TRUE),4),TRUE))} | H83: =IF(AND(ISNUMBER(F83),F83 >=$B$48,F83<$E$48),1,0) | I83: =IF(AND(ISNUMBER(G83),G83 >= $B$48,G83<$E$48),1,0) | J83: =IF(AND(H83 = 1, I83 = 1),1,0) | N83: =IF(OR(ISNUMBER(F83),ISNUMBER(G83)),IF(AND(ISNUMBER(F83),ISNUMBER(G83),F83>=$B$48,G83>=$B$48,F83<$E$48,G83<$E$48),"BD",IF(OR(F83>=$B$48/2,G83>=$B$48/2),"UD","")),"") | AA83: =IF(AND(N83="",COUNTIF($N$52:$N$139,"UD")=0),"",IF(N83="BD","A",IF(N83="UD","B","C")))
C84: 33 | D84: =IF(D83=D82,D83,D82+3) | F84: {=INDIRECT(ADDRESS(D84,MATCH("Die "&C84,INDIRECT("A"&D84+1&":J"&D84+1,TRUE),4),TRUE))} | G84: {=INDIRECT(ADDRESS(D84+2,MATCH("Die "&C84,INDIRECT("A"&D84+1&":J"&D84+1,TRUE),4),TRUE))} | H84: =IF(AND(ISNUMBER(F84),F84 >=$B$48,F84<$E$48),1,0) | I84: =IF(AND(ISNUMBER(G84),G84 >= $B$48,G84<$E$48),1,0) | J84: =IF(AND(H84 = 1, I84 = 1),1,0) | N84: =IF(OR(ISNUMBER(F84),ISNUMBER(G84)),IF(AND(ISNUMBER(F84),ISNUMBER(G84),F84>=$B$48,G84>=$B$48,F84<$E$48,G84<$E$48),"BD",IF(OR(F84>=$B$48/2,G84>=$B$48/2),"UD","")),"") | AA84: =IF(AND(N84="",COUNTIF($N$52:$N$139,"UD")=0),"",IF(N84="BD","A",IF(N84="UD","B","C")))
C85: 34 | D85: =IF(D84=D83,D84,D83+3) | F85: {=INDIRECT(ADDRESS(D85,MATCH("Die "&C85,INDIRECT("A"&D85+1&":J"&D85+1,TRUE),4),TRUE))} | G85: {=INDIRECT(ADDRESS(D85+2,MATCH("Die "&C85,INDIRECT("A"&D85+1&":J"&D85+1,TRUE),4),TRUE))} | H85: =IF(AND(ISNUMBER(F85),F85 >=$B$48,F85<$E$48),1,0) | I85: =IF(AND(ISNUMBER(G85),G85 >= $B$48,G85<$E$48),1,0) | J85: =IF(AND(H85 = 1, I85 = 1),1,0) | N85: =IF(OR(ISNUMBER(F85),ISNUMBER(G85)),IF(AND(ISNUMBER(F85),ISNUMBER(G85),F85>=$B$48,G85>=$B$48,F85<$E$48,G85<$E$48),"BD",IF(OR(F85>=$B$48/2,G85>=$B$48/2),"UD","")),"") | AA85: =IF(AND(N85="",COUNTIF($N$52:$N$139,"UD")=0),"",IF(N85="BD","A",IF(N85="UD","B","C")))
C86: 35 | D86: 18 | F86: {=INDIRECT(ADDRESS(D86,MATCH("Die "&C86,INDIRECT("A"&D86+1&":J"&D86+1,TRUE),4),TRUE))} | G86: {=INDIRECT(ADDRESS(D86+2,MATCH("Die "&C86,INDIRECT("A"&D86+1&":J"&D86+1,TRUE),4),TRUE))} | H86: =IF(AND(ISNUMBER(F86),F86 >=$B$48,F86<$E$48),1,0) | I86: =IF(AND(ISNUMBER(G86),G86 >= $B$48,G86<$E$48),1,0) | J86: =IF(AND(H86 = 1, I86 = 1),1,0) | N86: =IF(OR(ISNUMBER(F86),ISNUMBER(G86)),IF(AND(ISNUMBER(F86),ISNUMBER(G86),F86>=$B$48,G86>=$B$48,F86<$E$48,G86<$E$48),"BD",IF(OR(F86>=$B$48/2,G86>=$B$48/2),"UD","")),"") | AA86: =IF(AND(N86="",COUNTIF($N$52:$N$139,"UD")=0),"",IF(N86="BD","A",IF(N86="UD","B","C")))
C87: 36 | D87: =IF(D86=D85,D86,D85+3) | F87: {=INDIRECT(ADDRESS(D87,MATCH("Die "&C87,INDIRECT("A"&D87+1&":J"&D87+1,TRUE),4),TRUE))} | G87: {=INDIRECT(ADDRESS(D87+2,MATCH("Die "&C87,INDIRECT("A"&D87+1&":J"&D87+1,TRUE),4),TRUE))} | H87: =IF(AND(ISNUMBER(F87),F87 >=$B$48,F87<$E$48),1,0) | I87: =IF(AND(ISNUMBER(G87),G87 >= $B$48,G87<$E$48),1,0) | J87: =IF(AND(H87 = 1, I87 = 1),1,0) | N87: =IF(OR(ISNUMBER(F87),ISNUMBER(G87)),IF(AND(ISNUMBER(F87),ISNUMBER(G87),F87>=$B$48,G87>=$B$48,F87<$E$48,G87<$E$48),"BD",IF(OR(F87>=$B$48/2,G87>=$B$48/2),"UD","")),"") | AA87: =IF(AND(N87="",COUNTIF($N$52:$N$139,"UD")=0),"",IF(N87="BD","A",IF(N87="UD","B","C")))
C88: 37 | D88: =IF(D87=D86,D87,D86+3) | F88: {=INDIRECT(ADDRESS(D88,MATCH("Die "&C88,INDIRECT("A"&D88+1&":J"&D88+1,TRUE),4),TRUE))} | G88: {=INDIRECT(ADDRESS(D88+2,MATCH("Die "&C88,INDIRECT("A"&D88+1&":J"&D88+1,TRUE),4),TRUE))} | H88: =IF(AND(ISNUMBER(F88),F88 >=$B$48,F88<$E$48),1,0) | I88: =IF(AND(ISNUMBER(G88),G88 >= $B$48,G88<$E$48),1,0) | J88: =IF(AND(H88 = 1, I88 = 1),1,0) | N88: =IF(OR(ISNUMBER(F88),ISNUMBER(G88)),IF(AND(ISNUMBER(F88),ISNUMBER(G88),F88>=$B$48,G88>=$B$48,F88<$E$48,G88<$E$48),"BD",IF(OR(F88>=$B$48/2,G88>=$B$48/2),"UD","")),"") | AA88: =IF(AND(N88="",COUNTIF($N$52:$N$139,"UD")=0),"",IF(N88="BD","A",IF(N88="UD","B","C")))
C89: 38 | D89: =IF(D88=D87,D88,D87+3) | F89: {=INDIRECT(ADDRESS(D89,MATCH("Die "&C89,INDIRECT("A"&D89+1&":J"&D89+1,TRUE),4),TRUE))} | G89: {=INDIRECT(ADDRESS(D89+2,MATCH("Die "&C89,INDIRECT("A"&D89+1&":J"&D89+1,TRUE),4),TRUE))} | H89: =IF(AND(ISNUMBER(F89),F89 >=$B$48,F89<$E$48),1,0) | I89: =IF(AND(ISNUMBER(G89),G89 >= $B$48,G89<$E$48),1,0) | J89: =IF(AND(H89 = 1, I89 = 1),1,0) | N89: =IF(OR(ISNUMBER(F89),ISNUMBER(G89)),IF(AND(ISNUMBER(F89),ISNUMBER(G89),F89>=$B$48,G89>=$B$48,F89<$E$48,G89<$E$48),"BD",IF(OR(F89>=$B$48/2,G89>=$B$48/2),"UD","")),"") | AA89: =IF(AND(N89="",COUNTIF($N$52:$N$139,"UD")=0),"",IF(N89="BD","A",IF(N89="UD","B","C")))
C90: 39 | D90: =IF(D89=D88,D89,D88+3) | F90: {=INDIRECT(ADDRESS(D90,MATCH("Die "&C90,INDIRECT("A"&D90+1&":J"&D90+1,TRUE),4),TRUE))} | G90: {=INDIRECT(ADDRESS(D90+2,MATCH("Die "&C90,INDIRECT("A"&D90+1&":J"&D90+1,TRUE),4),TRUE))} | H90: =IF(AND(ISNUMBER(F90),F90 >=$B$48,F90<$E$48),1,0) | I90: =IF(AND(ISNUMBER(G90),G90 >= $B$48,G90<$E$48),1,0) | J90: =IF(AND(H90 = 1, I90 = 1),1,0) | N90: =IF(OR(ISNUMBER(F90),ISNUMBER(G90)),IF(AND(ISNUMBER(F90),ISNUMBER(G90),F90>=$B$48,G90>=$B$48,F90<$E$48,G90<$E$48),"BD",IF(OR(F90>=$B$48/2,G90>=$B$48/2),"UD","")),"") | AA90: =IF(AND(N90="",COUNTIF($N$52:$N$139,"UD")=0),"",IF(N90="BD","A",IF(N90="UD","B","C")))
C91: 40 | D91: =IF(D90=D89,D90,D89+3) | F91: {=INDIRECT(ADDRESS(D91,MATCH("Die "&C91,INDIRECT("A"&D91+1&":J"&D91+1,TRUE),4),TRUE))} | G91: {=INDIRECT(ADDRESS(D91+2,MATCH("Die "&C91,INDIRECT("A"&D91+1&":J"&D91+1,TRUE),4),TRUE))} | H91: =IF(AND(ISNUMBER(F91),F91 >=$B$48,F91<$E$48),1,0) | I91: =IF(AND(ISNUMBER(G91),G91 >= $B$48,G91<$E$48),1,0) | J91: =IF(AND(H91 = 1, I91 = 1),1,0) | N91: =IF(OR(ISNUMBER(F91),ISNUMBER(G91)),IF(AND(ISNUMBER(F91),ISNUMBER(G91),F91>=$B$48,G91>=$B$48,F91<$E$48,G91<$E$48),"BD",IF(OR(F91>=$B$48/2,G91>=$B$48/2),"UD","")),"") | AA91: =IF(AND(N91="",COUNTIF($N$52:$N$139,"UD")=0),"",IF(N91="BD","A",IF(N91="UD","B","C")))
C92: 41 | D92: =IF(D91=D90,D91,D90+3) | F92: {=INDIRECT(ADDRESS(D92,MATCH("Die "&C92,INDIRECT("A"&D92+1&":J"&D92+1,TRUE),4),TRUE))} | G92: {=INDIRECT(ADDRESS(D92+2,MATCH("Die "&C92,INDIRECT("A"&D92+1&":J"&D92+1,TRUE),4),TRUE))} | H92: =IF(AND(ISNUMBER(F92),F92 >=$B$48,F92<$E$48),1,0) | I92: =IF(AND(ISNUMBER(G92),G92 >= $B$48,G92<$E$48),1,0) | J92: =IF(AND(H92 = 1, I92 = 1),1,0) | N92: =IF(OR(ISNUMBER(F92),ISNUMBER(G92)),IF(AND(ISNUMBER(F92),ISNUMBER(G92),F92>=$B$48,G92>=$B$48,F92<$E$48,G92<$E$48),"BD",IF(OR(F92>=$B$48/2,G92>=$B$48/2),"UD","")),"") | AA92: =IF(AND(N92="",COUNTIF($N$52:$N$139,"UD")=0),"",IF(N92="BD","A",IF(N92="UD","B","C")))
C93: 42 | D93: =IF(D92=D91,D92,D91+3) | F93: {=INDIRECT(ADDRESS(D93,MATCH("Die "&C93,INDIRECT("A"&D93+1&":J"&D93+1,TRUE),4),TRUE))} | G93: {=INDIRECT(ADDRESS(D93+2,MATCH("Die "&C93,INDIRECT("A"&D93+1&":J"&D93+1,TRUE),4),TRUE))} | H93: =IF(AND(ISNUMBER(F93),F93 >=$B$48,F93<$E$48),1,0) | I93: =IF(AND(ISNUMBER(G93),G93 >= $B$48,G93<$E$48),1,0) | J93: =IF(AND(H93 = 1, I93 = 1),1,0) | N93: =IF(OR(ISNUMBER(F93),ISNUMBER(G93)),IF(AND(ISNUMBER(F93),ISNUMBER(G93),F93>=$B$48,G93>=$B$48,F93<$E$48,G93<$E$48),"BD",IF(OR(F93>=$B$48/2,G93>=$B$48/2),"UD","")),"") | AA93: =IF(AND(N93="",COUNTIF($N$52:$N$139,"UD")=0),"",IF(N93="BD","A",IF(N93="UD","B","C")))
C94: 43 | D94: =IF(D93=D92,D93,D92+3) | F94: {=INDIRECT(ADDRESS(D94,MATCH("Die "&C94,INDIRECT("A"&D94+1&":J"&D94+1,TRUE),4),TRUE))} | G94: {=INDIRECT(ADDRESS(D94+2,MATCH("Die "&C94,INDIRECT("A"&D94+1&":J"&D94+1,TRUE),4),TRUE))} | H94: =IF(AND(ISNUMBER(F94),F94 >=$B$48,F94<$E$48),1,0) | I94: =IF(AND(ISNUMBER(G94),G94 >= $B$48,G94<$E$48),1,0) | J94: =IF(AND(H94 = 1, I94 = 1),1,0) | N94: =IF(OR(ISNUMBER(F94),ISNUMBER(G94)),IF(AND(ISNUMBER(F94),ISNUMBER(G94),F94>=$B$48,G94>=$B$48,F94<$E$48,G94<$E$48),"BD",IF(OR(F94>=$B$48/2,G94>=$B$48/2),"UD","")),"") | AA94: =IF(AND(N94="",COUNTIF($N$52:$N$139,"UD")=0),"",IF(N94="BD","A",IF(N94="UD","B","C")))
C95: 44 | D95: =IF(D94=D93,D94,D93+3) | F95: {=INDIRECT(ADDRESS(D95,MATCH("Die "&C95,INDIRECT("A"&D95+1&":J"&D95+1,TRUE),4),TRUE))} | G95: {=INDIRECT(ADDRESS(D95+2,MATCH("Die "&C95,INDIRECT("A"&D95+1&":J"&D95+1,TRUE),4),TRUE))} | H95: =IF(AND(ISNUMBER(F95),F95 >=$B$48,F95<$E$48),1,0) | I95: =IF(AND(ISNUMBER(G95),G95 >= $B$48,G95<$E$48),1,0) | J95: =IF(AND(H95 = 1, I95 = 1),1,0) | N95: =IF(OR(ISNUMBER(F95),ISNUMBER(G95)),IF(AND(ISNUMBER(F95),ISNUMBER(G95),F95>=$B$48,G95>=$B$48,F95<$E$48,G95<$E$48),"BD",IF(OR(F95>=$B$48/2,G95>=$B$48/2),"UD","")),"") | AA95: =IF(AND(N95="",COUNTIF($N$52:$N$139,"UD")=0),"",IF(N95="BD","A",IF(N95="UD","B","C")))
C96: 45 | D96: 21 | F96: {=INDIRECT(ADDRESS(D96,MATCH("Die "&C96,INDIRECT("A"&D96+1&":J"&D96+1,TRUE),4),TRUE))} | G96: {=INDIRECT(ADDRESS(D96+2,MATCH("Die "&C96,INDIRECT("A"&D96+1&":J"&D96+1,TRUE),4),TRUE))} | H96: =IF(AND(ISNUMBER(F96),F96 >=$B$48,F96<$E$48),1,0) | I96: =IF(AND(ISNUMBER(G96),G96 >= $B$48,G96<$E$48),1,0) | J96: =IF(AND(H96 = 1, I96 = 1),1,0) | N96: =IF(OR(ISNUMBER(F96),ISNUMBER(G96)),IF(AND(ISNUMBER(F96),ISNUMBER(G96),F96>=$B$48,G96>=$B$48,F96<$E$48,G96<$E$48),"BD",IF(OR(F96>=$B$48/2,G96>=$B$48/2),"UD","")),"") | AA96: =IF(AND(N96="",COUNTIF($N$52:$N$139,"UD")=0),"",IF(N96="BD","A",IF(N96="UD","B","C")))
C97: 46 | D97: =IF(D96=D95,D96,D95+3) | F97: {=INDIRECT(ADDRESS(D97,MATCH("Die "&C97,INDIRECT("A"&D97+1&":J"&D97+1,TRUE),4),TRUE))} | G97: {=INDIRECT(ADDRESS(D97+2,MATCH("Die "&C97,INDIRECT("A"&D97+1&":J"&D97+1,TRUE),4),TRUE))} | H97: =IF(AND(ISNUMBER(F97),F97 >=$B$48,F97<$E$48),1,0) | I97: =IF(AND(ISNUMBER(G97),G97 >= $B$48,G97<$E$48),1,0) | J97: =IF(AND(H97 = 1, I97 = 1),1,0) | N97: =IF(OR(ISNUMBER(F97),ISNUMBER(G97)),IF(AND(ISNUMBER(F97),ISNUMBER(G97),F97>=$B$48,G97>=$B$48,F97<$E$48,G97<$E$48),"BD",IF(OR(F97>=$B$48/2,G97>=$B$48/2),"UD","")),"") | AA97: =IF(AND(N97="",COUNTIF($N$52:$N$139,"UD")=0),"",IF(N97="BD","A",IF(N97="UD","B","C")))
C98: 47 | D98: =IF(D97=D96,D97,D96+3) | F98: {=INDIRECT(ADDRESS(D98,MATCH("Die "&C98,INDIRECT("A"&D98+1&":J"&D98+1,TRUE),4),TRUE))} | G98: {=INDIRECT(ADDRESS(D98+2,MATCH("Die "&C98,INDIRECT("A"&D98+1&":J"&D98+1,TRUE),4),TRUE))} | H98: =IF(AND(ISNUMBER(F98),F98 >=$B$48,F98<$E$48),1,0) | I98: =IF(AND(ISNUMBER(G98),G98 >= $B$48,G98<$E$48),1,0) | J98: =IF(AND(H98 = 1, I98 = 1),1,0) | N98: =IF(OR(ISNUMBER(F98),ISNUMBER(G98)),IF(AND(ISNUMBER(F98),ISNUMBER(G98),F98>=$B$48,G98>=$B$48,F98<$E$48,G98<$E$48),"BD",IF(OR(F98>=$B$48/2,G98>=$B$48/2),"UD","")),"") | AA98: =IF(AND(N98="",COUNTIF($N$52:$N$139,"UD")=0),"",IF(N98="BD","A",IF(N98="UD","B","C")))
C99: 48 | D99: =IF(D98=D97,D98,D97+3) | F99: {=INDIRECT(ADDRESS(D99,MATCH("Die "&C99,INDIRECT("A"&D99+1&":J"&D99+1,TRUE),4),TRUE))} | G99: {=INDIRECT(ADDRESS(D99+2,MATCH("Die "&C99,INDIRECT("A"&D99+1&":J"&D99+1,TRUE),4),TRUE))} | H99: =IF(AND(ISNUMBER(F99),F99 >=$B$48,F99<$E$48),1,0) | I99: =IF(AND(ISNUMBER(G99),G99 >= $B$48,G99<$E$48),1,0) | J99: =IF(AND(H99 = 1, I99 = 1),1,0) | N99: =IF(OR(ISNUMBER(F99),ISNUMBER(G99)),IF(AND(ISNUMBER(F99),ISNUMBER(G99),F99>=$B$48,G99>=$B$48,F99<$E$48,G99<$E$48),"BD",IF(OR(F99>=$B$48/2,G99>=$B$48/2),"UD","")),"") | AA99: =IF(AND(N99="",COUNTIF($N$52:$N$139,"UD")=0),"",IF(N99="BD","A",IF(N99="UD","B","C")))
C100: 49 | D100: =IF(D99=D98,D99,D98+3) | F100: {=INDIRECT(ADDRESS(D100,MATCH("Die "&C100,INDIRECT("A"&D100+1&":J"&D100+1,TRUE),4),TRUE))} | G100: {=INDIRECT(ADDRESS(D100+2,MATCH("Die "&C100,INDIRECT("A"&D100+1&":J"&D100+1,TRUE),4),TRUE))} | H100: =IF(AND(ISNUMBER(F100),F100 >=$B$48,F100<$E$48),1,0) | I100: =IF(AND(ISNUMBER(G100),G100 >= $B$48,G100<$E$48),1,0) | J100: =IF(AND(H100 = 1, I100 = 1),1,0) | N100: =IF(OR(ISNUMBER(F100),ISNUMBER(G100)),IF(AND(ISNUMBER(F100),ISNUMBER(G100),F100>=$B$48,G100>=$B$48,F100<$E$48,G100<$E$48),"BD",IF(OR(F100>=$B$48/2,G100>=$B$48/2),"UD","")),"") | AA100: =IF(AND(N100="",COUNTIF($N$52:$N$139,"UD")=0),"",IF(N100="BD","A",IF(N100="UD","B","C")))
C101: 50 | D101: =IF(D100=D99,D100,D99+3) | F101: {=INDIRECT(ADDRESS(D101,MATCH("Die "&C101,INDIRECT("A"&D101+1&":J"&D101+1,TRUE),4),TRUE))} | G101: {=INDIRECT(ADDRESS(D101+2,MATCH("Die "&C101,INDIRECT("A"&D101+1&":J"&D101+1,TRUE),4),TRUE))} | H101: =IF(AND(ISNUMBER(F101),F101 >=$B$48,F101<$E$48),1,0) | I101: =IF(AND(ISNUMBER(G101),G101 >= $B$48,G101<$E$48),1,0) | J101: =IF(AND(H101 = 1, I101 = 1),1,0) | N101: =IF(OR(ISNUMBER(F101),ISNUMBER(G101)),IF(AND(ISNUMBER(F101),ISNUMBER(G101),F101>=$B$48,G101>=$B$48,F101<$E$48,G101<$E$48),"BD",IF(OR(F101>=$B$48/2,G101>=$B$48/2),"UD","")),"") | AA101: =IF(AND(N101="",COUNTIF($N$52:$N$139,"UD")=0),"",IF(N101="BD","A",IF(N101="UD","B","C")))
C102: 51 | D102: =IF(D101=D100,D101,D100+3) | F102: {=INDIRECT(ADDRESS(D102,MATCH("Die "&C102,INDIRECT("A"&D102+1&":J"&D102+1,TRUE),4),TRUE))} | G102: {=INDIRECT(ADDRESS(D102+2,MATCH("Die "&C102,INDIRECT("A"&D102+1&":J"&D102+1,TRUE),4),TRUE))} | H102: =IF(AND(ISNUMBER(F102),F102 >=$B$48,F102<$E$48),1,0) | I102: =IF(AND(ISNUMBER(G102),G102 >= $B$48,G102<$E$48),1,0) | J102: =IF(AND(H102 = 1, I102 = 1),1,0) | N102: =IF(OR(ISNUMBER(F102),ISNUMBER(G102)),IF(AND(ISNUMBER(F102),ISNUMBER(G102),F102>=$B$48,G102>=$B$48,F102<$E$48,G102<$E$48),"BD",IF(OR(F102>=$B$48/2,G102>=$B$48/2),"UD","")),"") | AA102: =IF(AND(N102="",COUNTIF($N$52:$N$139,"UD")=0),"",IF(N102="BD","A",IF(N102="UD","B","C")))
C103: 52 | D103: =IF(D102=D101,D102,D101+3) | F103: {=INDIRECT(ADDRESS(D103,MATCH("Die "&C103,INDIRECT("A"&D103+1&":J"&D103+1,TRUE),4),TRUE))} | G103: {=INDIRECT(ADDRESS(D103+2,MATCH("Die "&C103,INDIRECT("A"&D103+1&":J"&D103+1,TRUE),4),TRUE))} | H103: =IF(AND(ISNUMBER(F103),F103 >=$B$48,F103<$E$48),1,0) | I103: =IF(AND(ISNUMBER(G103),G103 >= $B$48,G103<$E$48),1,0) | J103: =IF(AND(H103 = 1, I103 = 1),1,0) | N103: =IF(OR(ISNUMBER(F103),ISNUMBER(G103)),IF(AND(ISNUMBER(F103),ISNUMBER(G103),F103>=$B$48,G103>=$B$48,F103<$E$48,G103<$E$48),"BD",IF(OR(F103>=$B$48/2,G103>=$B$48/2),"UD","")),"") | AA103: =IF(AND(N103="",COUNTIF($N$52:$N$139,"UD")=0),"",IF(N103="BD","A",IF(N103="UD","B","C")))
C104: 53 | D104: =IF(D103=D102,D103,D102+3) | F104: {=INDIRECT(ADDRESS(D104,MATCH("Die "&C104,INDIRECT("A"&D104+1&":J"&D104+1,TRUE),4),TRUE))} | G104: {=INDIRECT(ADDRESS(D104+2,MATCH("Die "&C104,INDIRECT("A"&D104+1&":J"&D104+1,TRUE),4),TRUE))} | H104: =IF(AND(ISNUMBER(F104),F104 >=$B$48,F104<$E$48),1,0) | I104: =IF(AND(ISNUMBER(G104),G104 >= $B$48,G104<$E$48),1,0) | J104: =IF(AND(H104 = 1, I104 = 1),1,0) | N104: =IF(OR(ISNUMBER(F104),ISNUMBER(G104)),IF(AND(ISNUMBER(F104),ISNUMBER(G104),F104>=$B$48,G104>=$B$48,F104<$E$48,G104<$E$48),"BD",IF(OR(F104>=$B$48/2,G104>=$B$48/2),"UD","")),"") | AA104: =IF(AND(N104="",COUNTIF($N$52:$N$139,"UD")=0),"",IF(N104="BD","A",IF(N104="UD","B","C")))
C105: 54 | D105: =IF(D104=D103,D104,D103+3) | F105: {=INDIRECT(ADDRESS(D105,MATCH("Die "&C105,INDIRECT("A"&D105+1&":J"&D105+1,TRUE),4),TRUE))} | G105: {=INDIRECT(ADDRESS(D105+2,MATCH("Die "&C105,INDIRECT("A"&D105+1&":J"&D105+1,TRUE),4),TRUE))} | H105: =IF(AND(ISNUMBER(F105),F105 >=$B$48,F105<$E$48),1,0) | I105: =IF(AND(ISNUMBER(G105),G105 >= $B$48,G105<$E$48),1,0) | J105: =IF(AND(H105 = 1, I105 = 1),1,0) | N105: =IF(OR(ISNUMBER(F105),ISNUMBER(G105)),IF(AND(ISNUMBER(F105),ISNUMBER(G105),F105>=$B$48,G105>=$B$48,F105<$E$48,G105<$E$48),"BD",IF(OR(F105>=$B$48/2,G105>=$B$48/2),"UD","")),"") | AA105: =IF(AND(N105="",COUNTIF($N$52:$N$139,"UD")=0),"",IF(N105="BD","A",IF(N105="UD","B","C")))
C106: 55 | D106: 24 | F106: {=INDIRECT(ADDRESS(D106,MATCH("Die "&C106,INDIRECT("A"&D106+1&":J"&D106+1,TRUE),4),TRUE))} | G106: {=INDIRECT(ADDRESS(D106+2,MATCH("Die "&C106,INDIRECT("A"&D106+1&":J"&D106+1,TRUE),4),TRUE))} | H106: =IF(AND(ISNUMBER(F106),F106 >=$B$48,F106<$E$48),1,0) | I106: =IF(AND(ISNUMBER(G106),G106 >= $B$48,G106<$E$48),1,0) | J106: =IF(AND(H106 = 1, I106 = 1),1,0) | N106: =IF(OR(ISNUMBER(F106),ISNUMBER(G106)),IF(AND(ISNUMBER(F106),ISNUMBER(G106),F106>=$B$48,G106>=$B$48,F106<$E$48,G106<$E$48),"BD",IF(OR(F106>=$B$48/2,G106>=$B$48/2),"UD","")),"") | AA106: =IF(AND(N106="",COUNTIF($N$52:$N$139,"UD")=0),"",IF(N106="BD","A",IF(N106="UD","B","C")))
C107: 56 | D107: =IF(D106=D105,D106,D105+3) | F107: {=INDIRECT(ADDRESS(D107,MATCH("Die "&C107,INDIRECT("A"&D107+1&":J"&D107+1,TRUE),4),TRUE))} | G107: {=INDIRECT(ADDRESS(D107+2,MATCH("Die "&C107,INDIRECT("A"&D107+1&":J"&D107+1,TRUE),4),TRUE))} | H107: =IF(AND(ISNUMBER(F107),F107 >=$B$48,F107<$E$48),1,0) | I107: =IF(AND(ISNUMBER(G107),G107 >= $B$48,G107<$E$48),1,0) | J107: =IF(AND(H107 = 1, I107 = 1),1,0) | N107: =IF(OR(ISNUMBER(F107),ISNUMBER(G107)),IF(AND(ISNUMBER(F107),ISNUMBER(G107),F107>=$B$48,G107>=$B$48,F107<$E$48,G107<$E$48),"BD",IF(OR(F107>=$B$48/2,G107>=$B$48/2),"UD","")),"") | AA107: =IF(AND(N107="",COUNTIF($N$52:$N$139,"UD")=0),"",IF(N107="BD","A",IF(N107="UD","B","C")))
...

Sheet E1E2-E2E1
A1: =A3*3 | B1: ideal *3
A2: =A3*2 | B2: ideal *2
A3: =1.6*1.1 | B3: ideal +10%
B6: E1E2 | C6: =W!$K$52 | D6: =W!$K$53 | E6: =W!$K$54 | F6: =W!$K$55 | G6: =W!$K$56 | H6: =W!$K$57
C7: Die 1 | D7: Die 2 | E7: Die 3 | F7: Die 4 | G7: Die 5 | H7: Die 6
B8: E2E1 | C8: =W!$O$52 | D8: =W!$O$53 | E8: =W!$O$54 | F8: =W!$O$55 | G8: =W!$O$56 | H8: =W!$O$57
B9: =W!$K$58 | C9: =W!$K$59 | D9: =W!$K$60 | E9: =W!$K$61 | F9: =W!$K$62 | G9: =W!$K$63 | H9: =W!$K$64 | I9: =W!$K$65
B10: Die 7 | C10: Die 8 | D10: Die 9 | E10: Die 10 | F10: Die 11 | G10: Die 12 | H10: Die 13 | I10: Die 14
B11: =W!$O$58 | C11: =W!$O$59 | D11: =W!$O$60 | E11: =W!$O$61 | F11: =W!$O$62 | G11: =W!$O$63 | H11: =W!$O$64 | I11: =W!$O$65
A12: =W!$K$66 | B12: =W!$K$67 | C12: =W!$K$68 | D12: =W!$K$69 | E12: =W!$K$70 | F12: =W!$K$71 | G12: =W!$K$72 | H12: =W!$K$73 | I12: =W!$K$74 | J12: =W!$K$75
A13: Die 15 | B13: Die 16 | C13: Die 17 | D13: Die 18 | E13: Die 19 | F13: Die 20 | G13: Die 21 | H13: Die 22 | I13: Die 23 | J13: Die 24
A14: =W!$O$66 | B14: =W!$O$67 | C14: =W!$O$68 | D14: =W!$O$69 | E14: =W!$O$70 | F14: =W!$O$71 | G14: =W!$O$72 | H14: =W!$O$73 | I14: =W!$O$74 | J14: =W!$O$75
A15: =W!$K$76 | B15: =W!$K$77 | C15: =W!$K$78 | D15: =W!$K$79 | E15: =W!$K$80 | F15: =W!$K$81 | G15: =W!$K$82 | H15: =W!$K$83 | I15: =W!$K$84 | J15: =W!$K$85
A16: Die 25 | B16: Die 26 | C16: Die 27 | D16: Die 28 | E16: Die 29 | F16: Die 30 | G16: Die 31 | H16: Die 32 | I16: Die 33 | J16: Die 34
A17: =W!$O$76 | B17: =W!$O$77 | C17: =W!$O$78 | D17: =W!$O$79 | E17: =W!$O$80 | F17: =W!$O$81 | G17: =W!$O$82 | H17: =W!$O$83 | I17: =W!$O$84 | J17: =W!$O$85
A18: =W!$K$86 | B18: =W!$K$87 | C18: =W!$K$88 | D18: =W!$K$89 | E18: =W!$K$90 | F18: =W!$K$91 | G18: =W!$K$92 | H18: =W!$K$93 | I18: =W!$K$94 | J18: =W!$K$95
A19: Die 35 | B19: Die 36 | C19: Die 37 | D19: Die 38 | E19: Die 39 | F19: Die 40 | G19: Die 41 | H19: Die 42 | I19: Die 43 | J19: Die 44
A20: =W!$O$86 | B20: =W!$O$87 | C20: =W!$O$88 | D20: =W!$O$89 | E20: =W!$O$90 | F20: =W!$O$91 | G20: =W!$O$92 | H20: =W!$O$93 | I20: =W!$O$94 | J20: =W!$O$95
A21: =W!$K$96 | B21: =W!$K$97 | C21: =W!$K$98 | D21: =W!$K$99 | E21: =W!$K$100 | F21: =W!$K$101 | G21: =W!$K$102 | H21: =W!$K$103 | I21: =W!$K$104 | J21: =W!$K$105
A22: Die 45 | B22: Die 46 | C22: Die 47 | D22: Die 48 | E22: Die 49 | F22: Die 50 | G22: Die 51 | H22: Die 52 | I22: Die 53 | J22: Die 54
A23: =W!$O$96 | B23: =W!$O$97 | C23: =W!$O$98 | D23: =W!$O$99 | E23: =W!$O$100 | F23: =W!$O$101 | G23: =W!$O$102 | H23: =W!$O$103 | I23: =W!$O$104 | J23: =W!$O$105
A24: =W!$K$106 | B24: =W!$K$107 | C24: =W!$K$108 | D24: =W!$K$109 | E24: =W!$K$110 | F24: =W!$K$111 | G24: =W!$K$112 | H24: =W!$K$113 | I24: =W!$K$114 | J24: =W!$K$115
A25: Die 55 | B25: Die 56 | C25: Die 57 | D25: Die 58 | E25: Die 59 | F25: Die 60 | G25: Die 61 | H25: Die 62 | I25: Die 63 | J25: Die 64
A26: =W!$O$106 | B26: =W!$O$107 | C26: =W!$O$108 | D26: =W!$O$109 | E26: =W!$O$110 | F26: =W!$O$111 | G26: =W!$O$112 | H26: =W!$O$113 | I26: =W!$O$114 | J26: =W!$O$115
A27: =W!$K$116 | B27: =W!$K$117 | C27: =W!$K$118 | D27: =W!$K$119 | E27: =W!$K$120 | F27: =W!$K$121 | G27: =W!$K$122 | H27: =W!$K$123 | I27: =W!$K$124 | J27: =W!$K$125
A28: Die 65 | B28: Die 66 | C28: Die 67 | D28: Die 68 | E28: Die 69 | F28: Die 70 | G28: Die 71 | H28: Die 72 | I28: Die 73 | J28: Die 74
A29: =W!$O$116 | B29: =W!$O$117 | C29: =W!$O$118 | D29: =W!$O$119 | E29: =W!$O$120 | F29: =W!$O$121 | G29: =W!$O$122 | H29: =W!$O$123 | I29: =W!$O$124 | J29: =W!$O$125
B30: =W!$K$126 | C30: =W!$K$127 | D30: =W!$K$128 | E30: =W!$K$129 | F30: =W!$K$130 | G30: =W!$K$131 | H30: =W!$K$132 | I30: =W!$K$133
B31: Die 75 | C31: Die 76 | D31: Die 77 | E31: Die 78 | F31: Die 79 | G31: Die 80 | H31: Die 81 | I31: Die 82
B32: =W!$O$126 | C32: =W!$O$127 | D32: =W!$O$128 | E32: =W!$O$129 | F32: =W!$O$130 | G32: =W!$O$131 | H32: =W!$O$132 | I32: =W!$O$133
C33: =W!$K$134 | D33: =W!$K$135 | E33: =W!$K$136 | F33: =W!$K$137 | G33: =W!$K$138 | H33: =W!$K$139
C34: Die 83 | D34: Die 84 | E34: Die 85 | F34: Die 86 | G34: Die 87 | H34: Die 88
C35: =W!$O$134 | D35: =W!$O$135 | E35: =W!$O$136 | F35: =W!$O$137 | G35: =W!$O$138 | H35: =W!$O$139
D36: Flat
A39: High Value | B39: =IF(OR(W!C43<>"",W!C44<>""),MAX(C6:H6,C8:H8,B9:I9,B11:I11,A12:J12,A14:J14,A15:J15,A17:J17,A18:J18,A20:J20,A21:J21,A23:J23,A24:J24,A26:J26,A27:J27,A29:J29,B30:I30,B32:I32,C33:H33,C35:H35),"")
A40: Low Value | B40: =IF(OR(W!C43<>"",W!C44<>""),MIN(C6:H6,C8:H8,B9:I9,B11:I11,A12:J12,A14:J14,A15:J15,A17:J17,A18:J18,A20:J20,A21:J21,A23:J23,A24:J24,A26:J26,A27:J27,A29:J29,B30:I30,B32:I32,C33:H33,C35:H35),"")
A41: Avg E1E2 | B41: =IF(OR(W!C43<>"",W!C44<>""),W!C43,"")
A42: Avg E2E1 | B42: =IF(OR(W!C43<>"",W!C44<>""),W!C44,"")
A43: E1E2 Dev | B43: =IF(OR(W!C43<>"",W!C44<>""),_xlfn.STDEV.S(C6:H6,B9:I9,A12:J12,A15:J15,A18:J18,A21:J21,A24:J24,A27:J27,B30:I30,C33:H33),"")
A44: E2E1 Dev | B44: =IF(OR(W!C43<>"",W!C44<>""),_xlfn.STDEV.S(C8:H8,B11:I11,A14:J14,A17:J17,A20:J20,A23:J23,A26:J26,A29:J29,B32:I32,C35:H35),"")
N51: =W!N52
N52: =W!N53
N53: =W!N54
N54: =W!N55
N55: =W!N56
N56: =W!N57
N57: =W!N58
N58: =W!N59
N59: =W!N60
N60: =W!N61
N61: =W!N62
N62: =W!N63
... N139: =W!N140

Sheet txtformat
A1: =_xlfn.CONCAT("WaferID=5L0F6E5-",IF(W!C2<>"",W!C2,"12345"),"_",IF(W!E2<>"",IF(LEN(W!E2)=1,"0"&W!E2,W!E2),"67"))
A2: Part Number=IPAD01210AST
A3: Wafer Size=150 mm
A4: XDIES=11.286 mm
A5: YDIES=11.276 mm
A6: =_xlfn.CONCAT("BinA=",COUNTIF(W!AA52:AA139,"A"))
A7: =IF(W!C2="","",_xlfn.CONCAT("..",W!AA52,W!AA53,W!AA54,W!AA55,W!AA56,W!AA57,".."))
A8: =IF(W!C2="","",_xlfn.CONCAT(".",W!AA58,W!AA59,W!AA60,W!AA61,W!AA62,W!AA63,W!AA64,W!AA65,"."))
A9: =_xlfn.CONCAT(W!AA66,W!AA67,W!AA68,W!AA69,W!AA70,W!AA71,W!AA72,W!AA73,W!AA74,W!AA75)
A10: =_xlfn.CONCAT(W!AA76,W!AA77,W!AA78,W!AA79,W!AA80,W!AA81,W!AA82,W!AA83,W!AA84,W!AA85)
A11: =_xlfn.CONCAT(W!AA86,W!AA87,W!AA88,W!AA89,W!AA90,W!AA91,W!AA92,W!AA93,W!AA94,W!AA95)
A12: =_xlfn.CONCAT(W!AA96,W!AA97,W!AA98,W!AA99,W!AA100,W!AA101,W!AA102,W!AA103,W!AA104,W!AA105)
A13: =_xlfn.CONCAT(W!AA106,W!AA107,W!AA108,W!AA109,W!AA110,W!AA111,W!AA112,W!AA113,W!AA114,W!AA115)
A14: =_xlfn.CONCAT(W!AA116,W!AA117,W!AA118,W!AA119,W!AA120,W!AA121,W!AA122,W!AA123,W!AA124,W!AA125)
A15: =IF(W!C2="","",_xlfn.CONCAT(".",W!AA126,W!AA127,W!AA128,W!AA129,W!AA130,W!AA131,W!AA132,W!AA133,"."))
A16: =IF(W!C2="","",_xlfn.CONCAT("..",W!AA134,W!AA135,W!AA136,W!AA137,W!AA138,W!AA139,".."))
